--
-- PostgreSQL database dump
--

-- Dumped from database version 17.6
-- Dumped by pg_dump version 17.6 (Ubuntu 17.6-1build1)

SET session_replication_role = 'replica';

-- Skip truncating tables - use ON CONFLICT DO UPDATE instead
-- Tables will be seeded with fresh data via INSERT ... ON CONFLICT

SET statement_timeout = 0;
SET lock_timeout = 0;
SET idle_in_transaction_session_timeout = 0;
SET transaction_timeout = 0;
SET client_encoding = 'UTF8';
SET standard_conforming_strings = on;
SELECT pg_catalog.set_config('search_path', '', false);
SET check_function_bodies = false;
SET xmloption = content;
SET client_min_messages = warning;
SET row_security = off;

--
-- Data for Name: users; Type: TABLE DATA; Schema: auth; Owner: supabase_auth_admin
--

INSERT INTO auth.users (instance_id, id, aud, role, email, encrypted_password, email_confirmed_at, invited_at, confirmation_token, confirmation_sent_at, recovery_token, recovery_sent_at, email_change_token_new, email_change, email_change_sent_at, last_sign_in_at, raw_app_meta_data, raw_user_meta_data, is_super_admin, created_at, updated_at, phone, phone_confirmed_at, phone_change, phone_change_token, phone_change_sent_at, email_change_token_current, email_change_confirm_status, banned_until, reauthentication_token, reauthentication_sent_at, is_sso_user, deleted_at, is_anonymous) VALUES ('00000000-0000-0000-0000-000000000000', '8fb00f8b-01b5-44e6-8383-92907567995b', 'authenticated', 'authenticated', 'teststudent2@example.com', '$2a$10$OZCZ8R.imEkjskWnm8JU../i2GIBB02af8YVcnhVRtlnKoS93LA5O', '2025-11-25 09:42:50.730163+00', NULL, '', NULL, '', NULL, '', '', NULL, '2025-11-25 09:50:53.066256+00', '{"provider": "email", "providers": ["email"]}', '{"notes": "Sample active student", "lastName": "Student 2", "firstName": "Test", "isDevelopment": true, "email_verified": true}', NULL, '2025-11-25 09:42:50.725024+00', '2025-11-25 09:50:53.069112+00', NULL, NULL, '', '', NULL, '', 0, NULL, '', NULL, false, NULL, false);
INSERT INTO auth.users (instance_id, id, aud, role, email, encrypted_password, email_confirmed_at, invited_at, confirmation_token, confirmation_sent_at, recovery_token, recovery_sent_at, email_change_token_new, email_change, email_change_sent_at, last_sign_in_at, raw_app_meta_data, raw_user_meta_data, is_super_admin, created_at, updated_at, phone, phone_confirmed_at, phone_change, phone_change_token, phone_change_sent_at, email_change_token_current, email_change_confirm_status, banned_until, reauthentication_token, reauthentication_sent_at, is_sso_user, deleted_at, is_anonymous) VALUES ('00000000-0000-0000-0000-000000000000', '50476908-0736-44b9-9093-eb0620bc4c91', 'authenticated', 'authenticated', 'teststudent3@example.com', '$2a$10$x7oG9awyOws4tuviPpk9RuVCwSLliGFPfNDOL6InKz6Yy28TcrgWG', '2025-11-25 09:42:50.858047+00', NULL, '', NULL, '', NULL, '', '', NULL, '2025-11-25 09:50:53.293105+00', '{"provider": "email", "providers": ["email"]}', '{"notes": "Sample active student", "lastName": "Student 3", "firstName": "Test", "isDevelopment": true, "email_verified": true}', NULL, '2025-11-25 09:42:50.853342+00', '2025-11-25 09:50:53.295784+00', NULL, NULL, '', '', NULL, '', 0, NULL, '', NULL, false, NULL, false);
INSERT INTO auth.users (instance_id, id, aud, role, email, encrypted_password, email_confirmed_at, invited_at, confirmation_token, confirmation_sent_at, recovery_token, recovery_sent_at, email_change_token_new, email_change, email_change_sent_at, last_sign_in_at, raw_app_meta_data, raw_user_meta_data, is_super_admin, created_at, updated_at, phone, phone_confirmed_at, phone_change, phone_change_token, phone_change_sent_at, email_change_token_current, email_change_confirm_status, banned_until, reauthentication_token, reauthentication_sent_at, is_sso_user, deleted_at, is_anonymous) VALUES ('00000000-0000-0000-0000-000000000000', 'e8cfbe9a-b9ab-4530-a588-3efa26d1f849', 'authenticated', 'authenticated', 'teacher@example.com', '$2a$10$5YVrYbz1zfWNwG4KEbx/NufbcM2QrZpiwe4QEkhZwH2/N5xgAtCmK', '2025-11-25 09:42:50.306625+00', NULL, '', NULL, '', NULL, '', '', NULL, '2025-11-25 10:51:59.320717+00', '{"provider": "email", "providers": ["email"]}', '{"notes": "For testing teacher functionality", "lastName": "Teacher", "firstName": "Test", "isDevelopment": true, "email_verified": true}', NULL, '2025-11-25 09:42:50.301244+00', '2025-11-25 10:51:59.32377+00', NULL, NULL, '', '', NULL, '', 0, NULL, '', NULL, false, NULL, false);
INSERT INTO auth.users (instance_id, id, aud, role, email, encrypted_password, email_confirmed_at, invited_at, confirmation_token, confirmation_sent_at, recovery_token, recovery_sent_at, email_change_token_new, email_change, email_change_sent_at, last_sign_in_at, raw_app_meta_data, raw_user_meta_data, is_super_admin, created_at, updated_at, phone, phone_confirmed_at, phone_change, phone_change_token, phone_change_sent_at, email_change_token_current, email_change_confirm_status, banned_until, reauthentication_token, reauthentication_sent_at, is_sso_user, deleted_at, is_anonymous) VALUES ('00000000-0000-0000-0000-000000000000', '1e0bebd7-4a17-43c7-a6d6-2ffeca285420', 'authenticated', 'authenticated', 'student@example.com', '$2a$10$qU10uOW0CJ9fIn47PpRpHeM64mXjt8ZPe91OYfYxH1aS9sADzbUK2', '2025-11-25 09:42:50.440849+00', NULL, '', NULL, '', NULL, '', '', NULL, '2025-11-25 10:51:59.454404+00', '{"provider": "email", "providers": ["email"]}', '{"notes": "For testing student views", "lastName": "Student", "firstName": "Test", "isDevelopment": true, "email_verified": true}', NULL, '2025-11-25 09:42:50.433141+00', '2025-11-25 10:51:59.457088+00', NULL, NULL, '', '', NULL, '', 0, NULL, '', NULL, false, NULL, false);
INSERT INTO auth.users (instance_id, id, aud, role, email, encrypted_password, email_confirmed_at, invited_at, confirmation_token, confirmation_sent_at, recovery_token, recovery_sent_at, email_change_token_new, email_change, email_change_sent_at, last_sign_in_at, raw_app_meta_data, raw_user_meta_data, is_super_admin, created_at, updated_at, phone, phone_confirmed_at, phone_change, phone_change_token, phone_change_sent_at, email_change_token_current, email_change_confirm_status, banned_until, reauthentication_token, reauthentication_sent_at, is_sso_user, deleted_at, is_anonymous) VALUES ('00000000-0000-0000-0000-000000000000', '80aca30c-5fec-41dd-9eab-3410227c87ab', 'authenticated', 'authenticated', 'teststudent1@example.com', '$2a$10$Q/O3V2pF6K9GDMDG.TSwduCCMGkaB2R5b8G.jnLqXPVLOZ11cnkxi', '2025-11-25 09:42:50.593352+00', NULL, '', NULL, '', NULL, '', '', NULL, '2025-11-25 10:51:59.581535+00', '{"provider": "email", "providers": ["email"]}', '{"notes": "Sample active student", "lastName": "Student 1", "firstName": "Test", "isDevelopment": true, "email_verified": true}', NULL, '2025-11-25 09:42:50.586844+00', '2025-11-25 10:51:59.584426+00', NULL, NULL, '', '', NULL, '', 0, NULL, '', NULL, false, NULL, false);
INSERT INTO auth.users (instance_id, id, aud, role, email, encrypted_password, email_confirmed_at, invited_at, confirmation_token, confirmation_sent_at, recovery_token, recovery_sent_at, email_change_token_new, email_change, email_change_sent_at, last_sign_in_at, raw_app_meta_data, raw_user_meta_data, is_super_admin, created_at, updated_at, phone, phone_confirmed_at, phone_change, phone_change_token, phone_change_sent_at, email_change_token_current, email_change_confirm_status, banned_until, reauthentication_token, reauthentication_sent_at, is_sso_user, deleted_at, is_anonymous) VALUES ('00000000-0000-0000-0000-000000000000', 'db44f596-8ccb-4d71-837d-61de0fc791f7', 'authenticated', 'authenticated', 'p.romanczuk@gmail.com', '$2a$10$vH2ouxZj6.MCbWg59WRQEu18QQlokQND3iC/Ivvf33arW2h1T6gnm', '2025-11-25 09:42:49.552387+00', NULL, '', NULL, '', NULL, '', '', NULL, '2025-11-25 10:51:59.714219+00', '{"provider": "email", "providers": ["email"]}', '{"notes": "Has full system access", "lastName": "User", "firstName": "Admin", "isDevelopment": true, "email_verified": true}', NULL, '2025-11-25 09:42:49.545564+00', '2025-11-25 10:51:59.716901+00', NULL, NULL, '', '', NULL, '', 0, NULL, '', NULL, false, NULL, false);


--
-- Data for Name: profiles; Type: TABLE DATA; Schema: public; Owner: postgres
--

INSERT INTO public.profiles (id, email, full_name, avatar_url, notes, created_at, updated_at, is_development, is_admin, is_teacher, is_student) VALUES ('db44f596-8ccb-4d71-837d-61de0fc791f7', 'p.romanczuk@gmail.com', 'Admin User', NULL, 'Has full system access', '2025-11-25 09:57:50.997499+00', '2025-11-25 09:57:50.997499+00', true, true, true, false);
INSERT INTO public.profiles (id, email, full_name, avatar_url, notes, created_at, updated_at, is_development, is_admin, is_teacher, is_student) VALUES ('e8cfbe9a-b9ab-4530-a588-3efa26d1f849', 'teacher@example.com', 'Test Teacher', NULL, 'For testing teacher functionality', '2025-11-25 09:57:51.113617+00', '2025-11-25 09:57:51.113617+00', true, false, true, false);
INSERT INTO public.profiles (id, email, full_name, avatar_url, notes, created_at, updated_at, is_development, is_admin, is_teacher, is_student) VALUES ('1e0bebd7-4a17-43c7-a6d6-2ffeca285420', 'student@example.com', 'Test Student', NULL, 'For testing student views', '2025-11-25 09:57:51.232147+00', '2025-11-25 09:57:51.232147+00', true, false, false, true);
INSERT INTO public.profiles (id, email, full_name, avatar_url, notes, created_at, updated_at, is_development, is_admin, is_teacher, is_student) VALUES ('80aca30c-5fec-41dd-9eab-3410227c87ab', 'teststudent1@example.com', 'Test Student 1', NULL, 'Sample active student', '2025-11-25 09:57:51.330421+00', '2025-11-25 09:57:51.330421+00', true, false, false, true);
INSERT INTO public.profiles (id, email, full_name, avatar_url, notes, created_at, updated_at, is_development, is_admin, is_teacher, is_student) VALUES ('8fb00f8b-01b5-44e6-8383-92907567995b', 'teststudent2@example.com', 'Test Student 2', NULL, 'Sample active student', '2025-11-25 09:57:51.414453+00', '2025-11-25 09:57:51.414453+00', true, false, false, true);
INSERT INTO public.profiles (id, email, full_name, avatar_url, notes, created_at, updated_at, is_development, is_admin, is_teacher, is_student) VALUES ('50476908-0736-44b9-9093-eb0620bc4c91', 'teststudent3@example.com', 'Test Student 3', NULL, 'Sample active student', '2025-11-25 09:57:51.496001+00', '2025-11-25 09:57:51.496001+00', true, false, false, true);


--
-- Data for Name: lessons; Type: TABLE DATA; Schema: public; Owner: postgres
--

INSERT INTO public.lessons (id, teacher_id, student_id, lesson_teacher_number, scheduled_at, status, notes, created_at, updated_at) VALUES ('335380e7-24c2-4ddd-a2b3-35d6e542b240', 'db44f596-8ccb-4d71-837d-61de0fc791f7', '1e0bebd7-4a17-43c7-a6d6-2ffeca285420', 1, '2025-11-25 10:47:52.011+00', 'SCHEDULED', 'Bring your guitar!', '2025-11-25 10:34:41.813259+00', '2025-11-25 10:47:52.029465+00');
INSERT INTO public.lessons (id, teacher_id, student_id, lesson_teacher_number, scheduled_at, status, notes, created_at, updated_at) VALUES ('fc7fffc2-639a-4f1d-816d-50b44f4ac921', 'db44f596-8ccb-4d71-837d-61de0fc791f7', '1e0bebd7-4a17-43c7-a6d6-2ffeca285420', 2, '2025-11-24 10:47:52.011+00', 'COMPLETED', 'Practice G and C chords', '2025-11-25 10:34:41.813259+00', '2025-11-25 10:47:52.029465+00');
INSERT INTO public.lessons (id, teacher_id, student_id, lesson_teacher_number, scheduled_at, status, notes, created_at, updated_at) VALUES ('ad9aff59-9dea-44db-a663-dffe42405365', 'db44f596-8ccb-4d71-837d-61de0fc791f7', '1e0bebd7-4a17-43c7-a6d6-2ffeca285420', 3, '2025-11-26 10:47:52.011+00', 'SCHEDULED', 'Review scales', '2025-11-25 10:40:57.354718+00', '2025-11-25 10:47:52.029465+00');
INSERT INTO public.lessons (id, teacher_id, student_id, lesson_teacher_number, scheduled_at, status, notes, created_at, updated_at) VALUES ('8bceadea-1f5c-436b-8438-54b2b9cc7a4b', 'db44f596-8ccb-4d71-837d-61de0fc791f7', '1e0bebd7-4a17-43c7-a6d6-2ffeca285420', 4, '2025-12-02 10:47:52.011+00', 'SCHEDULED', 'Song practice', '2025-11-25 10:40:57.354718+00', '2025-11-25 10:47:52.029465+00');
INSERT INTO public.lessons (id, teacher_id, student_id, lesson_teacher_number, scheduled_at, status, notes, created_at, updated_at) VALUES ('f6139d60-541f-41f5-8214-50501bf4cd3c', 'db44f596-8ccb-4d71-837d-61de0fc791f7', '1e0bebd7-4a17-43c7-a6d6-2ffeca285420', 5, '2025-11-18 10:47:52.011+00', 'COMPLETED', 'Intro to fingerstyle', '2025-11-25 10:40:57.354718+00', '2025-11-25 10:47:52.029465+00');


--
-- Data for Name: assignments; Type: TABLE DATA; Schema: public; Owner: postgres
--

INSERT INTO public.assignments (id, title, description, status, due_date, created_at, updated_at, teacher_id, student_id, lesson_id) VALUES ('cdf36270-9e81-4b7b-8459-04a6e39173ae', 'Practice Scales', 'Major scale up and down', 'in_progress', '2025-12-02 10:34:41.912+00', '2025-11-25 10:34:41.925392+00', '2025-11-25 10:34:41.925392+00', 'db44f596-8ccb-4d71-837d-61de0fc791f7', '1e0bebd7-4a17-43c7-a6d6-2ffeca285420', NULL);
INSERT INTO public.assignments (id, title, description, status, due_date, created_at, updated_at, teacher_id, student_id, lesson_id) VALUES ('41ba0dde-ca6f-4d51-8004-338b8ca34f18', 'Practice Scales', 'Major scale up and down', 'in_progress', '2025-12-02 10:41:48.273+00', '2025-11-25 10:41:48.287798+00', '2025-11-25 10:41:48.287798+00', 'db44f596-8ccb-4d71-837d-61de0fc791f7', '1e0bebd7-4a17-43c7-a6d6-2ffeca285420', NULL);
INSERT INTO public.assignments (id, title, description, status, due_date, created_at, updated_at, teacher_id, student_id, lesson_id) VALUES ('61169695-2227-47d2-936c-0249b2a9ba8d', 'Learn Chords', 'G, C, D chords', 'completed', '2025-11-28 10:41:48.273+00', '2025-11-25 10:41:48.287798+00', '2025-11-25 10:41:48.287798+00', 'db44f596-8ccb-4d71-837d-61de0fc791f7', '1e0bebd7-4a17-43c7-a6d6-2ffeca285420', NULL);
INSERT INTO public.assignments (id, title, description, status, due_date, created_at, updated_at, teacher_id, student_id, lesson_id) VALUES ('33efb8de-183c-4998-a2b6-34c860c06c0b', 'Strumming Pattern 1', 'Down, Down, Up, Up, Down, Up', 'not_started', '2025-11-30 10:41:48.273+00', '2025-11-25 10:41:48.287798+00', '2025-11-25 10:41:48.287798+00', 'db44f596-8ccb-4d71-837d-61de0fc791f7', '1e0bebd7-4a17-43c7-a6d6-2ffeca285420', NULL);
INSERT INTO public.assignments (id, title, description, status, due_date, created_at, updated_at, teacher_id, student_id, lesson_id) VALUES ('d44d78a2-9660-4b47-bfa5-eb6505a90f07', 'Practice Scales', 'Major scale up and down', 'in_progress', '2025-12-02 10:45:13.816+00', '2025-11-25 10:45:13.818645+00', '2025-11-25 10:45:13.818645+00', 'db44f596-8ccb-4d71-837d-61de0fc791f7', '1e0bebd7-4a17-43c7-a6d6-2ffeca285420', NULL);
INSERT INTO public.assignments (id, title, description, status, due_date, created_at, updated_at, teacher_id, student_id, lesson_id) VALUES ('4c151b68-e130-47e7-9702-512130e18de8', 'Learn Chords', 'G, C, D chords', 'completed', '2025-11-28 10:45:13.816+00', '2025-11-25 10:45:13.818645+00', '2025-11-25 10:45:13.818645+00', 'db44f596-8ccb-4d71-837d-61de0fc791f7', '1e0bebd7-4a17-43c7-a6d6-2ffeca285420', NULL);
INSERT INTO public.assignments (id, title, description, status, due_date, created_at, updated_at, teacher_id, student_id, lesson_id) VALUES ('1e838ba6-f3ef-4667-a54a-349b4b86a6de', 'Strumming Pattern 1', 'Down, Down, Up, Up, Down, Up', 'not_started', '2025-11-30 10:45:13.816+00', '2025-11-25 10:45:13.818645+00', '2025-11-25 10:45:13.818645+00', 'db44f596-8ccb-4d71-837d-61de0fc791f7', '1e0bebd7-4a17-43c7-a6d6-2ffeca285420', NULL);
INSERT INTO public.assignments (id, title, description, status, due_date, created_at, updated_at, teacher_id, student_id, lesson_id) VALUES ('387920f7-4656-4f69-91d7-9b3e8da035a4', 'Practice Scales', 'Major scale up and down', 'in_progress', '2025-12-02 10:47:16.64+00', '2025-11-25 10:47:16.642668+00', '2025-11-25 10:47:16.642668+00', 'db44f596-8ccb-4d71-837d-61de0fc791f7', '1e0bebd7-4a17-43c7-a6d6-2ffeca285420', NULL);
INSERT INTO public.assignments (id, title, description, status, due_date, created_at, updated_at, teacher_id, student_id, lesson_id) VALUES ('213e5785-631d-4270-9eb8-6682a9ae5c44', 'Learn Chords', 'G, C, D chords', 'completed', '2025-11-28 10:47:16.64+00', '2025-11-25 10:47:16.642668+00', '2025-11-25 10:47:16.642668+00', 'db44f596-8ccb-4d71-837d-61de0fc791f7', '1e0bebd7-4a17-43c7-a6d6-2ffeca285420', NULL);
INSERT INTO public.assignments (id, title, description, status, due_date, created_at, updated_at, teacher_id, student_id, lesson_id) VALUES ('51e595b1-060a-45de-9b01-6a3e72a96a9d', 'Strumming Pattern 1', 'Down, Down, Up, Up, Down, Up', 'not_started', '2025-11-30 10:47:16.64+00', '2025-11-25 10:47:16.642668+00', '2025-11-25 10:47:16.642668+00', 'db44f596-8ccb-4d71-837d-61de0fc791f7', '1e0bebd7-4a17-43c7-a6d6-2ffeca285420', NULL);
INSERT INTO public.assignments (id, title, description, status, due_date, created_at, updated_at, teacher_id, student_id, lesson_id) VALUES ('8f85783f-8e49-496e-9a98-d7f0b098db44', 'Practice Scales', 'Major scale up and down', 'in_progress', '2025-12-02 10:47:52.079+00', '2025-11-25 10:47:52.081657+00', '2025-11-25 10:47:52.081657+00', 'db44f596-8ccb-4d71-837d-61de0fc791f7', '1e0bebd7-4a17-43c7-a6d6-2ffeca285420', NULL);
INSERT INTO public.assignments (id, title, description, status, due_date, created_at, updated_at, teacher_id, student_id, lesson_id) VALUES ('a4f42aa0-e083-4c4f-ad2a-7bb104e6d049', 'Learn Chords', 'G, C, D chords', 'completed', '2025-11-28 10:47:52.08+00', '2025-11-25 10:47:52.081657+00', '2025-11-25 10:47:52.081657+00', 'db44f596-8ccb-4d71-837d-61de0fc791f7', '1e0bebd7-4a17-43c7-a6d6-2ffeca285420', NULL);
INSERT INTO public.assignments (id, title, description, status, due_date, created_at, updated_at, teacher_id, student_id, lesson_id) VALUES ('43f650ac-9f68-4df9-a03e-3435641a3fd6', 'Strumming Pattern 1', 'Down, Down, Up, Up, Down, Up', 'not_started', '2025-11-30 10:47:52.08+00', '2025-11-25 10:47:52.081657+00', '2025-11-25 10:47:52.081657+00', 'db44f596-8ccb-4d71-837d-61de0fc791f7', '1e0bebd7-4a17-43c7-a6d6-2ffeca285420', NULL);


--
-- Data for Name: songs; Type: TABLE DATA; Schema: public; Owner: postgres
--

INSERT INTO public.songs (id, title, author, level, key, ultimate_guitar_link, chords, created_at, updated_at, deleted_at, short_title) VALUES ('a1111111-1111-1111-1111-111111111111', 'Wonderwall', 'Oasis', 'beginner', 'Em', 'https://www.ultimate-guitar.com/pro?song_id=1', 'Em7 Dsus2 A7sus4', '2025-11-25 08:44:30.196896+00', '2025-11-25 08:44:30.196896+00', NULL, NULL);
INSERT INTO public.songs (id, title, author, level, key, ultimate_guitar_link, chords, created_at, updated_at, deleted_at, short_title) VALUES ('a2222222-2222-2222-2222-222222222222', 'Knockin on Heaven''s Door', 'Bob Dylan', 'beginner', 'G', 'https://www.ultimate-guitar.com/pro?song_id=2', 'G D Am7 D', '2025-11-25 08:44:30.196896+00', '2025-11-25 08:44:30.196896+00', NULL, NULL);
INSERT INTO public.songs (id, title, author, level, key, ultimate_guitar_link, chords, created_at, updated_at, deleted_at, short_title) VALUES ('a3333333-3333-3333-3333-333333333333', 'House of the Rising Sun', 'The Animals', 'beginner', 'Am', 'https://www.ultimate-guitar.com/pro?song_id=3', 'Am C D F', '2025-11-25 08:44:30.196896+00', '2025-11-25 08:44:30.196896+00', NULL, NULL);
INSERT INTO public.songs (id, title, author, level, key, ultimate_guitar_link, chords, created_at, updated_at, deleted_at, short_title) VALUES ('b1111111-1111-1111-1111-111111111111', 'Stairway to Heaven', 'Led Zeppelin', 'intermediate', 'Am', 'https://www.ultimate-guitar.com/pro?song_id=4', 'Am Asus2 Dsus2', '2025-11-25 08:44:30.196896+00', '2025-11-25 08:44:30.196896+00', NULL, NULL);
INSERT INTO public.songs (id, title, author, level, key, ultimate_guitar_link, chords, created_at, updated_at, deleted_at, short_title) VALUES ('b2222222-2222-2222-2222-222222222222', 'Comfortably Numb', 'Pink Floyd', 'intermediate', 'B', 'https://www.ultimate-guitar.com/pro?song_id=5', 'B F# B F#', '2025-11-25 08:44:30.196896+00', '2025-11-25 08:44:30.196896+00', NULL, NULL);
INSERT INTO public.songs (id, title, author, level, key, ultimate_guitar_link, chords, created_at, updated_at, deleted_at, short_title) VALUES ('b3333333-3333-3333-3333-333333333333', 'Hotel California', 'Eagles', 'intermediate', 'Bm', 'https://www.ultimate-guitar.com/pro?song_id=6', 'Bm F# Bm F#', '2025-11-25 08:44:30.196896+00', '2025-11-25 08:44:30.196896+00', NULL, NULL);
INSERT INTO public.songs (id, title, author, level, key, ultimate_guitar_link, chords, created_at, updated_at, deleted_at, short_title) VALUES ('b4444444-4444-4444-4444-444444444444', 'Layla', 'Eric Clapton', 'intermediate', 'Dm', 'https://www.ultimate-guitar.com/pro?song_id=9', 'Dm Bb F', '2025-11-25 08:44:30.196896+00', '2025-11-25 08:44:30.196896+00', NULL, NULL);
INSERT INTO public.songs (id, title, author, level, key, ultimate_guitar_link, chords, created_at, updated_at, deleted_at, short_title) VALUES ('c1111111-1111-1111-1111-111111111111', 'One', 'Metallica', 'advanced', 'Em', 'https://www.ultimate-guitar.com/pro?song_id=7', 'Em F# G A', '2025-11-25 08:44:30.196896+00', '2025-11-25 08:44:30.196896+00', NULL, NULL);
INSERT INTO public.songs (id, title, author, level, key, ultimate_guitar_link, chords, created_at, updated_at, deleted_at, short_title) VALUES ('c2222222-2222-2222-2222-222222222222', 'Eruption', 'Van Halen', 'advanced', 'F#m', 'https://www.ultimate-guitar.com/pro?song_id=8', 'F#m', '2025-11-25 08:44:30.196896+00', '2025-11-25 08:44:30.196896+00', NULL, NULL);
INSERT INTO public.songs (id, title, author, level, key, ultimate_guitar_link, chords, created_at, updated_at, deleted_at, short_title) VALUES ('c3333333-3333-3333-3333-333333333333', 'All of Me', 'John Legend', 'intermediate', 'A', 'https://www.ultimate-guitar.com/pro?song_id=10', 'A Dm E', '2025-11-25 08:44:30.196896+00', '2025-11-25 08:44:30.196896+00', NULL, NULL);
INSERT INTO public.songs (id, title, author, level, key, ultimate_guitar_link, chords, created_at, updated_at, deleted_at, short_title) VALUES ('0e9613a9-9787-44d3-a838-e21082efaf2c', 'Sweet Child O Mine', 'Guns N Roses', 'intermediate', 'D', 'https://tabs.ultimate-guitar.com/tab/guns-n-roses/sweet-child-o-mine-tabs-1756', NULL, '2025-11-25 10:34:41.772406+00', '2025-11-25 10:34:41.772406+00', NULL, NULL);
INSERT INTO public.songs (id, title, author, level, key, ultimate_guitar_link, chords, created_at, updated_at, deleted_at, short_title) VALUES ('13049219-bf20-471d-8910-baf52085fe15', 'Nothing Else Matters', 'Metallica', 'intermediate', 'Em', 'https://tabs.ultimate-guitar.com/tab/metallica/nothing-else-matters-tabs-8519', NULL, '2025-11-25 10:34:41.772406+00', '2025-11-25 10:34:41.772406+00', NULL, NULL);
INSERT INTO public.songs (id, title, author, level, key, ultimate_guitar_link, chords, created_at, updated_at, deleted_at, short_title) VALUES ('1dd2b617-70dd-40be-8fa7-09201090c06d', 'Wish You Were Here', 'Pink Floyd', 'beginner', 'G', 'https://tabs.ultimate-guitar.com/tab/pink-floyd/wish-you-were-here-chords-44555', NULL, '2025-11-25 10:34:41.772406+00', '2025-11-25 10:34:41.772406+00', NULL, NULL);
INSERT INTO public.songs (id, title, author, level, key, ultimate_guitar_link, chords, created_at, updated_at, deleted_at, short_title) VALUES ('fb1ab1d5-4676-4096-a2c6-1e51b861e8d5', 'Blackbird', 'The Beatles', 'intermediate', 'G', 'https://tabs.ultimate-guitar.com/tab/the-beatles/blackbird-tabs-19486', NULL, '2025-11-25 10:34:41.772406+00', '2025-11-25 10:34:41.772406+00', NULL, NULL);
INSERT INTO public.songs (id, title, author, level, key, ultimate_guitar_link, chords, created_at, updated_at, deleted_at, short_title) VALUES ('3d731b12-2483-4ea9-a19f-950eba422ad3', 'Smells Like Teen Spirit', 'Nirvana', 'beginner', 'F', 'https://tabs.ultimate-guitar.com/tab/nirvana/smells-like-teen-spirit-tabs-202727', NULL, '2025-11-25 10:34:41.772406+00', '2025-11-25 10:34:41.772406+00', NULL, NULL);
INSERT INTO public.songs (id, title, author, level, key, ultimate_guitar_link, chords, created_at, updated_at, deleted_at, short_title) VALUES ('165ef961-8396-4f50-a130-add19d8b5685', 'Californication', 'Red Hot Chili Peppers', 'intermediate', 'Am', 'https://tabs.ultimate-guitar.com/tab/red-hot-chili-peppers/californication-tabs-57896', NULL, '2025-11-25 10:34:41.772406+00', '2025-11-25 10:34:41.772406+00', NULL, NULL);
INSERT INTO public.songs (id, title, author, level, key, ultimate_guitar_link, chords, created_at, updated_at, deleted_at, short_title) VALUES ('c3341c45-7f03-45e7-9227-31664084e1ca', 'Imagine', 'John Lennon', 'beginner', 'C', 'https://tabs.ultimate-guitar.com/tab/john-lennon/imagine-chords-9306', NULL, '2025-11-25 10:34:41.772406+00', '2025-11-25 10:34:41.772406+00', NULL, NULL);
INSERT INTO public.songs (id, title, author, level, key, ultimate_guitar_link, chords, created_at, updated_at, deleted_at, short_title) VALUES ('913a11eb-ac68-482b-b459-fe0c80128bee', 'Hallelujah', 'Jeff Buckley', 'intermediate', 'C', 'https://tabs.ultimate-guitar.com/tab/jeff-buckley/hallelujah-chords-198052', NULL, '2025-11-25 10:34:41.772406+00', '2025-11-25 10:34:41.772406+00', NULL, NULL);
INSERT INTO public.songs (id, title, author, level, key, ultimate_guitar_link, chords, created_at, updated_at, deleted_at, short_title) VALUES ('71515f32-9aad-403e-bb4e-a256ddbbca76', 'Let It Be', 'The Beatles', 'beginner', 'C', 'https://tabs.ultimate-guitar.com/tab/the-beatles/let-it-be-chords-17427', NULL, '2025-11-25 10:34:41.772406+00', '2025-11-25 10:34:41.772406+00', NULL, NULL);
INSERT INTO public.songs (id, title, author, level, key, ultimate_guitar_link, chords, created_at, updated_at, deleted_at, short_title) VALUES ('a4c8b4be-0ee5-4a17-af75-2bda44378066', 'Purple Haze', 'Jimi Hendrix', 'advanced', 'E', 'https://tabs.ultimate-guitar.com/tab/jimi-hendrix/purple-haze-tabs-168678', NULL, '2025-11-25 10:40:57.309299+00', '2025-11-25 10:40:57.309299+00', NULL, NULL);
INSERT INTO public.songs (id, title, author, level, key, ultimate_guitar_link, chords, created_at, updated_at, deleted_at, short_title) VALUES ('2a78f515-7eaa-4a51-899b-4863a7cb5cf9', 'Under the Bridge', 'Red Hot Chili Peppers', 'intermediate', 'E', 'https://tabs.ultimate-guitar.com/tab/red-hot-chili-peppers/under-the-bridge-chords-7034', NULL, '2025-11-25 10:40:57.309299+00', '2025-11-25 10:40:57.309299+00', NULL, NULL);


--
-- Data for Name: lesson_songs; Type: TABLE DATA; Schema: public; Owner: postgres
--

INSERT INTO public.lesson_songs (id, lesson_id, song_id, status, notes, created_at, updated_at) VALUES ('267db1c7-4831-4358-93e7-5d6dfc24e26a', '335380e7-24c2-4ddd-a2b3-35d6e542b240', 'a1111111-1111-1111-1111-111111111111', 'to_learn', NULL, '2025-11-25 10:45:13.797815+00', '2025-11-25 10:45:13.797815+00');
INSERT INTO public.lesson_songs (id, lesson_id, song_id, status, notes, created_at, updated_at) VALUES ('63067027-d0e5-4ad0-a287-b6a1427aeaab', 'fc7fffc2-639a-4f1d-816d-50b44f4ac921', 'a2222222-2222-2222-2222-222222222222', 'to_learn', NULL, '2025-11-25 10:45:13.797815+00', '2025-11-25 10:45:13.797815+00');
INSERT INTO public.lesson_songs (id, lesson_id, song_id, status, notes, created_at, updated_at) VALUES ('1724fc7e-b183-4572-b5a6-c584cd3fac97', 'fc7fffc2-639a-4f1d-816d-50b44f4ac921', 'a3333333-3333-3333-3333-333333333333', 'to_learn', NULL, '2025-11-25 10:45:13.797815+00', '2025-11-25 10:45:13.797815+00');
INSERT INTO public.lesson_songs (id, lesson_id, song_id, status, notes, created_at, updated_at) VALUES ('8755425c-3f11-4d76-a972-d85a03da34b2', '335380e7-24c2-4ddd-a2b3-35d6e542b240', 'a2222222-2222-2222-2222-222222222222', 'to_learn', NULL, '2025-11-25 10:47:52.063104+00', '2025-11-25 10:47:52.063104+00');
INSERT INTO public.lesson_songs (id, lesson_id, song_id, status, notes, created_at, updated_at) VALUES ('5cffffe5-f3a5-43c5-93c6-99d11c5f504b', 'ad9aff59-9dea-44db-a663-dffe42405365', 'b1111111-1111-1111-1111-111111111111', 'to_learn', NULL, '2025-11-25 10:47:52.063104+00', '2025-11-25 10:47:52.063104+00');


--
-- Data for Name: user_roles; Type: TABLE DATA; Schema: public; Owner: postgres
--

INSERT INTO public.user_roles (id, user_id, role, assigned_at) VALUES ('7b6ed07c-9e74-4956-88c0-e5db46b50218', 'db44f596-8ccb-4d71-837d-61de0fc791f7', 'admin', '2025-11-25 10:51:08.36785+00');
INSERT INTO public.user_roles (id, user_id, role, assigned_at) VALUES ('3ca3f0aa-05e0-4b3a-ad94-4d416211f217', 'db44f596-8ccb-4d71-837d-61de0fc791f7', 'teacher', '2025-11-25 10:51:08.403961+00');
INSERT INTO public.user_roles (id, user_id, role, assigned_at) VALUES ('04ba1a34-d5e8-4732-b95d-b8a98f49da7f', 'e8cfbe9a-b9ab-4530-a588-3efa26d1f849', 'teacher', '2025-11-25 10:51:08.428192+00');
INSERT INTO public.user_roles (id, user_id, role, assigned_at) VALUES ('43abc1ee-d569-4467-9c89-a04b9217ced7', '1e0bebd7-4a17-43c7-a6d6-2ffeca285420', 'student', '2025-11-25 10:51:08.455563+00');
INSERT INTO public.user_roles (id, user_id, role, assigned_at) VALUES ('4c651e10-0d00-4837-a7d3-61038668bc30', '80aca30c-5fec-41dd-9eab-3410227c87ab', 'student', '2025-11-25 10:51:08.468386+00');
INSERT INTO public.user_roles (id, user_id, role, assigned_at) VALUES ('ee826216-beaf-47ea-99b6-997f58b700a2', '8fb00f8b-01b5-44e6-8383-92907567995b', 'student', '2025-11-25 10:51:08.47552+00');
INSERT INTO public.user_roles (id, user_id, role, assigned_at) VALUES ('529ffa96-7346-4124-86f5-f2d05666a388', '50476908-0736-44b9-9093-eb0620bc4c91', 'student', '2025-11-25 10:51:08.483927+00');


--
-- PostgreSQL database dump complete
--

--
-- Data for Name: user_integrations; Type: TABLE DATA; Schema: public; Owner: postgres
--

-- Google Calendar integration for admin/teacher
INSERT INTO public.user_integrations (user_id, provider, access_token, refresh_token, expires_at, created_at, updated_at) VALUES 
('db44f596-8ccb-4d71-837d-61de0fc791f7', 'google_calendar', 'ya29.test_access_token_admin', 'test_refresh_token_admin', EXTRACT(EPOCH FROM (NOW() + INTERVAL '3600 seconds'))::bigint, NOW(), NOW()),
('e8cfbe9a-b9ab-4530-a588-3efa26d1f849', 'google_calendar', 'ya29.test_access_token_teacher', 'test_refresh_token_teacher', EXTRACT(EPOCH FROM (NOW() + INTERVAL '3600 seconds'))::bigint, NOW(), NOW());

--
-- Note: api_keys table seeding skipped
-- Reason: pgcrypto extension functions (gen_salt, crypt) are not available during seed execution
-- Solution: API keys should be created through the application interface or via separate migration
--

SET session_replication_role = 'origin';
-- ============================================================================
-- LEGACY SONGS IMPORT
-- Imported from .LEGACY_DATA/songs.json
-- ON CONFLICT DO NOTHING to avoid duplicates
-- ============================================================================

INSERT INTO public.songs (id, title, author, level, key, ultimate_guitar_link, chords) VALUES ('26ed9a10-eef6-4325-9b20-45c356f1376b', 'Whisky', NULL, NULL, NULL, NULL, NULL) ON CONFLICT (id) DO NOTHING;
INSERT INTO public.songs (id, title, author, level, key, ultimate_guitar_link, chords) VALUES ('d0cdb03a-ca3b-44ab-bd78-24c9f6258e98', 'Knocking on Heavens Door', NULL, NULL, NULL, NULL, NULL) ON CONFLICT (id) DO NOTHING;
INSERT INTO public.songs (id, title, author, level, key, ultimate_guitar_link, chords) VALUES ('610c102c-766b-49d2-ac19-432a8fbced30', 'House of the rising sun', NULL, NULL, NULL, NULL, NULL) ON CONFLICT (id) DO NOTHING;
INSERT INTO public.songs (id, title, author, level, key, ultimate_guitar_link, chords) VALUES ('2473bea9-797f-474b-aeb0-5881754cbf50', 'Teksanski', NULL, NULL, NULL, NULL, NULL) ON CONFLICT (id) DO NOTHING;
INSERT INTO public.songs (id, title, author, level, key, ultimate_guitar_link, chords) VALUES ('b36e1af1-ec93-4837-ac2c-e06269bb88b7', 'Hallelujah', NULL, NULL, NULL, NULL, NULL) ON CONFLICT (id) DO NOTHING;
INSERT INTO public.songs (id, title, author, level, key, ultimate_guitar_link, chords) VALUES ('e92a9d01-3b18-4482-8a29-85a781eadf68', 'Hit the road jack', NULL, NULL, NULL, NULL, NULL) ON CONFLICT (id) DO NOTHING;
INSERT INTO public.songs (id, title, author, level, key, ultimate_guitar_link, chords) VALUES ('f76aab61-2e65-4425-b443-abea5671f066', 'Sweet Home Alabama', NULL, NULL, NULL, NULL, NULL) ON CONFLICT (id) DO NOTHING;
INSERT INTO public.songs (id, title, author, level, key, ultimate_guitar_link, chords) VALUES ('d2254f21-d577-4c58-80c2-10285a7dfa9c', 'Moja i Twoja Nadzieja', NULL, NULL, NULL, NULL, NULL) ON CONFLICT (id) DO NOTHING;
INSERT INTO public.songs (id, title, author, level, key, ultimate_guitar_link, chords) VALUES ('bb9ff5d6-dec3-4538-8f75-19b1c9084fc2', 'Na co komu dzis', NULL, NULL, NULL, NULL, NULL) ON CONFLICT (id) DO NOTHING;
INSERT INTO public.songs (id, title, author, level, key, ultimate_guitar_link, chords) VALUES ('290c8775-3654-45a7-9f72-3b3e458b09a6', 'Zawsze tam gdzie Ty', NULL, NULL, NULL, NULL, NULL) ON CONFLICT (id) DO NOTHING;
INSERT INTO public.songs (id, title, author, level, key, ultimate_guitar_link, chords) VALUES ('b0b2fd6e-5f9f-4469-afc3-e3687ee48d4c', 'Crazy little thing called love', NULL, NULL, NULL, NULL, NULL) ON CONFLICT (id) DO NOTHING;
INSERT INTO public.songs (id, title, author, level, key, ultimate_guitar_link, chords) VALUES ('9b5e9c50-c178-4853-b6cb-d34eb3c711d2', 'Layla', NULL, NULL, NULL, NULL, NULL) ON CONFLICT (id) DO NOTHING;
INSERT INTO public.songs (id, title, author, level, key, ultimate_guitar_link, chords) VALUES ('d671ebc4-9fed-4c83-9a3b-b703ff0e691e', 'Tears in heaven', NULL, NULL, NULL, NULL, NULL) ON CONFLICT (id) DO NOTHING;
INSERT INTO public.songs (id, title, author, level, key, ultimate_guitar_link, chords) VALUES ('fe905a33-b717-4c07-82f7-8f010273eca9', 'Tolerancja', NULL, NULL, NULL, NULL, NULL) ON CONFLICT (id) DO NOTHING;
INSERT INTO public.songs (id, title, author, level, key, ultimate_guitar_link, chords) VALUES ('f5631a4e-84c5-4ce4-9c54-19e2e2c2689d', 'Everlong', NULL, NULL, NULL, NULL, NULL) ON CONFLICT (id) DO NOTHING;
INSERT INTO public.songs (id, title, author, level, key, ultimate_guitar_link, chords) VALUES ('f32a265b-29aa-48d8-89be-f8fef26903c6', 'Stand by me', NULL, NULL, NULL, NULL, NULL) ON CONFLICT (id) DO NOTHING;
INSERT INTO public.songs (id, title, author, level, key, ultimate_guitar_link, chords) VALUES ('bec19d4c-8417-43ff-976f-6bcbde59298d', 'Dust in the wind', NULL, NULL, NULL, NULL, NULL) ON CONFLICT (id) DO NOTHING;
INSERT INTO public.songs (id, title, author, level, key, ultimate_guitar_link, chords) VALUES ('a276efab-223f-4e44-b9e2-1fc9f64976cc', 'People are strange', NULL, NULL, NULL, NULL, NULL) ON CONFLICT (id) DO NOTHING;
INSERT INTO public.songs (id, title, author, level, key, ultimate_guitar_link, chords) VALUES ('b048944a-928f-4624-9a87-c3f00aa498ac', 'Yellow Submarine', NULL, NULL, NULL, NULL, NULL) ON CONFLICT (id) DO NOTHING;
INSERT INTO public.songs (id, title, author, level, key, ultimate_guitar_link, chords) VALUES ('5058a20b-0031-4fec-ac51-339897e9d238', 'Ho Hey', NULL, NULL, NULL, NULL, NULL) ON CONFLICT (id) DO NOTHING;
INSERT INTO public.songs (id, title, author, level, key, ultimate_guitar_link, chords) VALUES ('8c0d7ab6-c032-4ae6-bdc8-b62a81275737', 'Dani California', NULL, NULL, NULL, NULL, NULL) ON CONFLICT (id) DO NOTHING;
INSERT INTO public.songs (id, title, author, level, key, ultimate_guitar_link, chords) VALUES ('160d5c91-cf3f-4902-a39b-462b19360fb5', 'Gdzie ta keja', NULL, NULL, NULL, NULL, NULL) ON CONFLICT (id) DO NOTHING;
INSERT INTO public.songs (id, title, author, level, key, ultimate_guitar_link, chords) VALUES ('55e351f6-a8cb-46b6-a77d-72d60c83620d', 'Seven nation army', NULL, NULL, NULL, NULL, NULL) ON CONFLICT (id) DO NOTHING;
INSERT INTO public.songs (id, title, author, level, key, ultimate_guitar_link, chords) VALUES ('9a53ebf1-4787-417e-8226-e6ffab6e461c', 'Behind blue eyes', NULL, NULL, NULL, NULL, NULL) ON CONFLICT (id) DO NOTHING;
INSERT INTO public.songs (id, title, author, level, key, ultimate_guitar_link, chords) VALUES ('0f4554ee-db88-497e-a168-c5526291093a', 'Shape of you', NULL, NULL, NULL, NULL, NULL) ON CONFLICT (id) DO NOTHING;
INSERT INTO public.songs (id, title, author, level, key, ultimate_guitar_link, chords) VALUES ('5e948b7f-36eb-4e62-8d77-58ffd8aa2ca9', 'Smoke on the water', NULL, NULL, NULL, NULL, NULL) ON CONFLICT (id) DO NOTHING;
INSERT INTO public.songs (id, title, author, level, key, ultimate_guitar_link, chords) VALUES ('00469467-bd4d-4350-8dcc-c938f3ef60da', 'Chcialbym umrzec z milosci', NULL, NULL, NULL, NULL, NULL) ON CONFLICT (id) DO NOTHING;
INSERT INTO public.songs (id, title, author, level, key, ultimate_guitar_link, chords) VALUES ('bd608bac-4a74-46f3-a4ec-f09b3e9d6d99', 'Miec czy byc', NULL, NULL, NULL, NULL, NULL) ON CONFLICT (id) DO NOTHING;
INSERT INTO public.songs (id, title, author, level, key, ultimate_guitar_link, chords) VALUES ('e92c4e5e-db16-40ca-b8df-f9342a668961', 'Wonderwall', NULL, NULL, NULL, NULL, NULL) ON CONFLICT (id) DO NOTHING;
INSERT INTO public.songs (id, title, author, level, key, ultimate_guitar_link, chords) VALUES ('675e7aed-2b95-4f3e-99f5-8cbcfe95f33f', 'Baska', NULL, NULL, NULL, NULL, NULL) ON CONFLICT (id) DO NOTHING;
INSERT INTO public.songs (id, title, author, level, key, ultimate_guitar_link, chords) VALUES ('dad855c5-2c74-46da-95d7-33b5b3382914', 'Nie placz Ewka', NULL, NULL, NULL, NULL, NULL) ON CONFLICT (id) DO NOTHING;
INSERT INTO public.songs (id, title, author, level, key, ultimate_guitar_link, chords) VALUES ('03eaa195-0f18-483d-b73b-05cf3f576694', 'Money', NULL, NULL, NULL, NULL, NULL) ON CONFLICT (id) DO NOTHING;
INSERT INTO public.songs (id, title, author, level, key, ultimate_guitar_link, chords) VALUES ('0de4cea1-7d13-43ca-8139-0067fb5f6fad', 'Oprocz blekitnego nieba', NULL, NULL, NULL, NULL, NULL) ON CONFLICT (id) DO NOTHING;
INSERT INTO public.songs (id, title, author, level, key, ultimate_guitar_link, chords) VALUES ('33c2da5c-1d05-497b-9ed3-49c6b08af246', 'Are you gonna be my girl', NULL, NULL, NULL, NULL, NULL) ON CONFLICT (id) DO NOTHING;
INSERT INTO public.songs (id, title, author, level, key, ultimate_guitar_link, chords) VALUES ('cba6da4c-2f7f-480d-bf2f-7f2cfe0c8ecb', 'If I aint got you', NULL, NULL, NULL, NULL, NULL) ON CONFLICT (id) DO NOTHING;
INSERT INTO public.songs (id, title, author, level, key, ultimate_guitar_link, chords) VALUES ('14e9ddba-4ccc-4669-935f-cdd0295125ea', 'Nazywam sie niebo', NULL, NULL, NULL, NULL, NULL) ON CONFLICT (id) DO NOTHING;
INSERT INTO public.songs (id, title, author, level, key, ultimate_guitar_link, chords) VALUES ('f44ec49a-e858-49e3-bc63-067b07c49076', 'Son of the blue sky', 'Wilki', 'beginner', 'G'::public.music_key, NULL, '{G,e,b,C}') ON CONFLICT (id) DO NOTHING;
INSERT INTO public.songs (id, title, author, level, key, ultimate_guitar_link, chords) VALUES ('c84490dc-eec1-47ef-a597-f1a298ffda9b', 'Jak', 'SDM', 'beginner', NULL, NULL, NULL) ON CONFLICT (id) DO NOTHING;
INSERT INTO public.songs (id, title, author, level, key, ultimate_guitar_link, chords) VALUES ('8544503d-0236-4d49-8ca1-6530bb4e2d8f', 'Sultans of Swing', 'Dire Straits', 'beginner', NULL, NULL, NULL) ON CONFLICT (id) DO NOTHING;
INSERT INTO public.songs (id, title, author, level, key, ultimate_guitar_link, chords) VALUES ('02dfa2f2-876e-4e76-8a54-580d3f3a7a10', 'Best Part', 'Daniel Ceasar', 'beginner', NULL, NULL, NULL) ON CONFLICT (id) DO NOTHING;
INSERT INTO public.songs (id, title, author, level, key, ultimate_guitar_link, chords) VALUES ('2aa9263d-a46e-4c51-9e8f-b4f47e74680e', 'Okinawa', '92914', 'beginner', NULL, NULL, NULL) ON CONFLICT (id) DO NOTHING;
INSERT INTO public.songs (id, title, author, level, key, ultimate_guitar_link, chords) VALUES ('9e97951d-5f5e-41f0-b15b-c0d79893c85e', 'We''re going to Be Friends', 'The White Stripes', 'beginner', NULL, NULL, NULL) ON CONFLICT (id) DO NOTHING;
INSERT INTO public.songs (id, title, author, level, key, ultimate_guitar_link, chords) VALUES ('45ad3758-4dc9-4b66-aef5-1167c4b5f67a', 'Do I Wanna Know', 'Arctic Monkeys', 'beginner', NULL, NULL, NULL) ON CONFLICT (id) DO NOTHING;
INSERT INTO public.songs (id, title, author, level, key, ultimate_guitar_link, chords) VALUES ('7ea436c0-5587-44b4-ba6f-cdb6f7b1e26c', 'The Passenger', 'Iggy Pop', 'beginner', NULL, 'https://tabs.ultimate-guitar.com/tab/iggy-pop/the-passenger-chords-515997', NULL) ON CONFLICT (id) DO NOTHING;
INSERT INTO public.songs (id, title, author, level, key, ultimate_guitar_link, chords) VALUES ('d9008950-80ac-49b9-8ffe-0ac67413d2dd', 'Zanim pojde', 'Happysad', 'beginner', NULL, NULL, NULL) ON CONFLICT (id) DO NOTHING;
INSERT INTO public.songs (id, title, author, level, key, ultimate_guitar_link, chords) VALUES ('690cca0c-0566-429d-83d7-2e83ef742615', 'Wpusc mnie', 'Happysad', 'intermediate', NULL, NULL, NULL) ON CONFLICT (id) DO NOTHING;
INSERT INTO public.songs (id, title, author, level, key, ultimate_guitar_link, chords) VALUES ('58fef0df-e62b-4c1f-bc8a-a77943b45310', 'Jest Super', 'T.Love', 'beginner', NULL, NULL, NULL) ON CONFLICT (id) DO NOTHING;
INSERT INTO public.songs (id, title, author, level, key, ultimate_guitar_link, chords) VALUES ('d296391c-5660-4533-804a-676643caabdb', 'Everybody Hurts', 'REM', 'beginner', NULL, NULL, NULL) ON CONFLICT (id) DO NOTHING;
INSERT INTO public.songs (id, title, author, level, key, ultimate_guitar_link, chords) VALUES ('9affdec7-e3fb-463a-8954-b46d1c6439b5', 'Feel Good Inc', 'Gorillaz', 'beginner', NULL, 'https://tabs.ultimate-guitar.com/tab/gorillaz/feel-good-inc-tabs-200586', NULL) ON CONFLICT (id) DO NOTHING;
INSERT INTO public.songs (id, title, author, level, key, ultimate_guitar_link, chords) VALUES ('95955546-ec45-446a-8bce-5513849eacd1', 'Fly Away', 'Lenny Krawitz', 'beginner', NULL, NULL, NULL) ON CONFLICT (id) DO NOTHING;
INSERT INTO public.songs (id, title, author, level, key, ultimate_guitar_link, chords) VALUES ('dfde28e4-ff50-4d2a-becb-92d3159ffa7e', 'Where is my mind', 'The Pixiex', 'beginner', NULL, NULL, NULL) ON CONFLICT (id) DO NOTHING;
INSERT INTO public.songs (id, title, author, level, key, ultimate_guitar_link, chords) VALUES ('12f52d01-1ed4-45ce-bf66-872f79249db3', 'Chodz Pomaluj Moj Swiat', 'Dwa Plus Jeden', 'beginner', NULL, NULL, NULL) ON CONFLICT (id) DO NOTHING;
INSERT INTO public.songs (id, title, author, level, key, ultimate_guitar_link, chords) VALUES ('5abad57c-0d41-4524-b8a6-82160b04f16e', 'Arms Tonite', 'Mother Mother', 'beginner', NULL, NULL, NULL) ON CONFLICT (id) DO NOTHING;
INSERT INTO public.songs (id, title, author, level, key, ultimate_guitar_link, chords) VALUES ('9aa9a671-7472-492d-af8f-901476f2c516', 'San Francisco', 'Scott McKenzie', 'beginner', NULL, NULL, NULL) ON CONFLICT (id) DO NOTHING;
INSERT INTO public.songs (id, title, author, level, key, ultimate_guitar_link, chords) VALUES ('479fd9a1-a222-4800-b66e-d91840dd4af6', 'Don''t Forget Me', 'RHCP', 'beginner', NULL, NULL, NULL) ON CONFLICT (id) DO NOTHING;
INSERT INTO public.songs (id, title, author, level, key, ultimate_guitar_link, chords) VALUES ('3b06ebe6-4fa4-4b17-b43b-e3f869312944', 'Ostatni', 'Edyta Bartosiewicz', 'beginner', NULL, NULL, NULL) ON CONFLICT (id) DO NOTHING;
INSERT INTO public.songs (id, title, author, level, key, ultimate_guitar_link, chords) VALUES ('9c70bf44-7391-4887-bd03-aa1cdf9ef587', 'List do M.', 'Dzem', 'beginner', NULL, NULL, NULL) ON CONFLICT (id) DO NOTHING;
INSERT INTO public.songs (id, title, author, level, key, ultimate_guitar_link, chords) VALUES ('c4c103f4-7a97-4e47-8964-dc9e7395a68a', 'Harley Moj', 'Dzem', 'beginner', NULL, NULL, NULL) ON CONFLICT (id) DO NOTHING;
INSERT INTO public.songs (id, title, author, level, key, ultimate_guitar_link, chords) VALUES ('9efcc4de-a71a-4a0e-bcc5-63bf2fafd812', 'Float', 'Olivia Dean', 'beginner', NULL, NULL, NULL) ON CONFLICT (id) DO NOTHING;
INSERT INTO public.songs (id, title, author, level, key, ultimate_guitar_link, chords) VALUES ('c33f5813-b70b-4fcd-86e6-8c7b7f6a245b', 'Niebo bylo rozowe', 'Kaska Sochacka', 'beginner', NULL, NULL, NULL) ON CONFLICT (id) DO NOTHING;
INSERT INTO public.songs (id, title, author, level, key, ultimate_guitar_link, chords) VALUES ('06a0ca9b-a678-4800-8b8d-7ddf2424c1f4', 'Dla Ciebie', 'Myslovitz', 'beginner', NULL, NULL, NULL) ON CONFLICT (id) DO NOTHING;
INSERT INTO public.songs (id, title, author, level, key, ultimate_guitar_link, chords) VALUES ('329404ec-d8f7-493c-af4d-b574087db36f', 'Superman', 'Eminem', 'beginner', NULL, NULL, NULL) ON CONFLICT (id) DO NOTHING;
INSERT INTO public.songs (id, title, author, level, key, ultimate_guitar_link, chords) VALUES ('b6ff3ce8-7ba2-4413-ac04-44220ee49d7b', 'Can''t Help Falling in Love', 'Elvis Presley', 'beginner', NULL, NULL, NULL) ON CONFLICT (id) DO NOTHING;
INSERT INTO public.songs (id, title, author, level, key, ultimate_guitar_link, chords) VALUES ('622e2ed0-4e33-47c0-b97e-67e37abdf627', 'Cwiczenie D-dur', 'BRAK', 'beginner', NULL, NULL, NULL) ON CONFLICT (id) DO NOTHING;
INSERT INTO public.songs (id, title, author, level, key, ultimate_guitar_link, chords) VALUES ('176103f1-1275-4eea-9c95-4640626d140f', 'Whats My Age Again', 'Blink-182', 'beginner', NULL, NULL, NULL) ON CONFLICT (id) DO NOTHING;
INSERT INTO public.songs (id, title, author, level, key, ultimate_guitar_link, chords) VALUES ('0c8c4be8-5f40-48c6-a0d0-f66e81450cb5', 'Rumble', 'Link Wray', 'beginner', NULL, NULL, NULL) ON CONFLICT (id) DO NOTHING;
INSERT INTO public.songs (id, title, author, level, key, ultimate_guitar_link, chords) VALUES ('0ad0e5c6-dc46-4953-9121-1f8964c4623f', 'Should I Stay or Should I Go', 'The Clash', 'beginner', NULL, NULL, NULL) ON CONFLICT (id) DO NOTHING;
INSERT INTO public.songs (id, title, author, level, key, ultimate_guitar_link, chords) VALUES ('5c42a85a-3c07-4d92-bd7b-6fcf3f81ed5a', 'You Love Me ', 'Kimya Dawson', 'beginner', NULL, NULL, NULL) ON CONFLICT (id) DO NOTHING;
INSERT INTO public.songs (id, title, author, level, key, ultimate_guitar_link, chords) VALUES ('bd0b1264-f14e-45a8-b216-5915db8365d6', 'California', 'White 2115', 'beginner', NULL, NULL, NULL) ON CONFLICT (id) DO NOTHING;
INSERT INTO public.songs (id, title, author, level, key, ultimate_guitar_link, chords) VALUES ('5bf0a4c6-90c5-47d2-95e1-0ca50c3e1447', 'Animal Instinct', 'The Cranberries', 'beginner', NULL, NULL, NULL) ON CONFLICT (id) DO NOTHING;
INSERT INTO public.songs (id, title, author, level, key, ultimate_guitar_link, chords) VALUES ('108af0ae-7c17-41c4-859c-30eec4c5b80a', 'Zanim Pojde ', 'Happysad', 'beginner', NULL, NULL, NULL) ON CONFLICT (id) DO NOTHING;
INSERT INTO public.songs (id, title, author, level, key, ultimate_guitar_link, chords) VALUES ('e4dbdce6-038c-486b-8c74-2e84a6ca2d5e', 'Banana Pancakes', 'Jack Johnson', 'beginner', NULL, NULL, NULL) ON CONFLICT (id) DO NOTHING;
INSERT INTO public.songs (id, title, author, level, key, ultimate_guitar_link, chords) VALUES ('52ee6a38-fdc0-44c4-a19c-b4f5b19ed443', 'Back To Black', 'AC/DC', 'beginner', NULL, NULL, NULL) ON CONFLICT (id) DO NOTHING;
INSERT INTO public.songs (id, title, author, level, key, ultimate_guitar_link, chords) VALUES ('fb84d213-abb1-49a5-bcf3-495937fbfc58', 'Lonely Day', 'System of A Down', 'beginner', NULL, NULL, NULL) ON CONFLICT (id) DO NOTHING;
INSERT INTO public.songs (id, title, author, level, key, ultimate_guitar_link, chords) VALUES ('d6b9d070-5ba8-4141-b8a0-462789962d1c', 'Blackbird', 'The Beatles', 'beginner', NULL, NULL, NULL) ON CONFLICT (id) DO NOTHING;
INSERT INTO public.songs (id, title, author, level, key, ultimate_guitar_link, chords) VALUES ('a4bb32a8-be3e-4a46-a49f-63bf2b9409ce', 'Pierwszy/Przeswit', 'The Cassino', 'beginner', NULL, NULL, NULL) ON CONFLICT (id) DO NOTHING;
INSERT INTO public.songs (id, title, author, level, key, ultimate_guitar_link, chords) VALUES ('f6a67a54-305e-412b-8e59-86a386ab65b5', 'Zima', 'The Cassino', 'beginner', NULL, NULL, NULL) ON CONFLICT (id) DO NOTHING;
INSERT INTO public.songs (id, title, author, level, key, ultimate_guitar_link, chords) VALUES ('120beac1-4d28-46e3-9bb2-7533b0248de6', 'Ona jest ze snu', 'IRA', 'beginner', NULL, NULL, NULL) ON CONFLICT (id) DO NOTHING;
INSERT INTO public.songs (id, title, author, level, key, ultimate_guitar_link, chords) VALUES ('6e16d378-894e-4bfd-bc4d-f23efbf29014', 'Mimo Wszystko', 'Hey', 'beginner', NULL, NULL, NULL) ON CONFLICT (id) DO NOTHING;
INSERT INTO public.songs (id, title, author, level, key, ultimate_guitar_link, chords) VALUES ('f1d18851-b373-412e-92ca-f47cc6968823', 'Zazdrosc', 'Hey', 'beginner', NULL, NULL, NULL) ON CONFLICT (id) DO NOTHING;
INSERT INTO public.songs (id, title, author, level, key, ultimate_guitar_link, chords) VALUES ('5c25505b-93b9-4c02-b401-a8ec1ddc0ed4', 'Azizam', 'Ed Sheeran', 'beginner', NULL, NULL, NULL) ON CONFLICT (id) DO NOTHING;
INSERT INTO public.songs (id, title, author, level, key, ultimate_guitar_link, chords) VALUES ('46f05ff9-0f71-40df-8a66-fbd64fd6296d', 'Fluorescence Adolescence ', 'Arctic Monkeys', 'beginner', NULL, NULL, NULL) ON CONFLICT (id) DO NOTHING;
INSERT INTO public.songs (id, title, author, level, key, ultimate_guitar_link, chords) VALUES ('3d6f24b9-9b2b-4f1c-9587-f3ca271d8efc', 'Redbone', 'Andie', 'beginner', NULL, NULL, NULL) ON CONFLICT (id) DO NOTHING;
INSERT INTO public.songs (id, title, author, level, key, ultimate_guitar_link, chords) VALUES ('73f21f37-e7dc-4b45-bb0c-06d2adfbc747', 'Say Something', 'Justin Timberlake', 'beginner', NULL, NULL, NULL) ON CONFLICT (id) DO NOTHING;
INSERT INTO public.songs (id, title, author, level, key, ultimate_guitar_link, chords) VALUES ('1140e709-66c5-4587-99dc-017d2385bebf', 'Mas Que Nada', 'Sergio Mendes', 'beginner', NULL, NULL, NULL) ON CONFLICT (id) DO NOTHING;
INSERT INTO public.songs (id, title, author, level, key, ultimate_guitar_link, chords) VALUES ('2d12e63e-f896-4ae6-9797-60ee502eea5e', 'Jedwab', 'Róże Europy', 'beginner', NULL, NULL, NULL) ON CONFLICT (id) DO NOTHING;
INSERT INTO public.songs (id, title, author, level, key, ultimate_guitar_link, chords) VALUES ('9020dd99-315e-4d9b-baa0-4681d3bb4887', 'Basket Case', 'Green Day', 'beginner', NULL, NULL, NULL) ON CONFLICT (id) DO NOTHING;
INSERT INTO public.songs (id, title, author, level, key, ultimate_guitar_link, chords) VALUES ('bba95f39-0a71-4757-a428-7dd73d42d245', 'Lloret de Mar', 'Mata', 'beginner', NULL, NULL, NULL) ON CONFLICT (id) DO NOTHING;
INSERT INTO public.songs (id, title, author, level, key, ultimate_guitar_link, chords) VALUES ('d85177ef-c723-41f6-ba4e-0bebe36645eb', 'Wiosna', 'Zabili Mi Żólwia', 'beginner', NULL, NULL, NULL) ON CONFLICT (id) DO NOTHING;
INSERT INTO public.songs (id, title, author, level, key, ultimate_guitar_link, chords) VALUES ('2e90a9b8-9395-4e36-bdac-fafb423a9392', 'Rysunkowy Potwów', 'Chivas', 'beginner', NULL, NULL, NULL) ON CONFLICT (id) DO NOTHING;
INSERT INTO public.songs (id, title, author, level, key, ultimate_guitar_link, chords) VALUES ('d4d0ddce-85ef-421a-bea5-bbfec568d637', 'We Are The People', 'Empire of the Sun', 'beginner', NULL, NULL, NULL) ON CONFLICT (id) DO NOTHING;
INSERT INTO public.songs (id, title, author, level, key, ultimate_guitar_link, chords) VALUES ('b5dc308f-d940-486c-9ff6-36a346962525', 'Since You Been Gone', 'Kelly Clarkson', 'beginner', NULL, NULL, NULL) ON CONFLICT (id) DO NOTHING;
INSERT INTO public.songs (id, title, author, level, key, ultimate_guitar_link, chords) VALUES ('acf185a8-39e8-42d7-a3bd-580a15aff5ee', 'Trimm Trabb', 'Blur', 'beginner', NULL, NULL, NULL) ON CONFLICT (id) DO NOTHING;
INSERT INTO public.songs (id, title, author, level, key, ultimate_guitar_link, chords) VALUES ('86518f58-f1d5-468c-b91e-fa09678312d4', 'Synu', 'Sistars', 'beginner', NULL, NULL, NULL) ON CONFLICT (id) DO NOTHING;
INSERT INTO public.songs (id, title, author, level, key, ultimate_guitar_link, chords) VALUES ('5689049a-b5ad-45f4-ae55-ca09549965b8', 'Africa', 'Toto', 'beginner', NULL, NULL, NULL) ON CONFLICT (id) DO NOTHING;
INSERT INTO public.songs (id, title, author, level, key, ultimate_guitar_link, chords) VALUES ('be7b9986-b687-4824-9400-5db2f71a89e9', 'Zombie', 'The Cranberries', 'beginner', NULL, NULL, NULL) ON CONFLICT (id) DO NOTHING;
INSERT INTO public.songs (id, title, author, level, key, ultimate_guitar_link, chords) VALUES ('20a4d235-c56f-4205-9194-bbc60bcd5431', 'Better Than Me', 'The Brobecks', 'beginner', NULL, 'https://tabs.ultimate-guitar.com/tab/the-brobecks/better-than-me-chords-860284', NULL) ON CONFLICT (id) DO NOTHING;
INSERT INTO public.songs (id, title, author, level, key, ultimate_guitar_link, chords) VALUES ('56161458-2ba6-4132-8041-7278eba044ed', 'Schodki', 'Mata', 'beginner', NULL, NULL, NULL) ON CONFLICT (id) DO NOTHING;
INSERT INTO public.songs (id, title, author, level, key, ultimate_guitar_link, chords) VALUES ('9264a49b-50ce-4ee0-bd16-5e8a756de922', 'Wishing Well', 'Juice WRLD', 'beginner', NULL, NULL, NULL) ON CONFLICT (id) DO NOTHING;
INSERT INTO public.songs (id, title, author, level, key, ultimate_guitar_link, chords) VALUES ('f0ee6f0d-2494-448b-aa03-86bc5c10b0a4', 'All I Want', 'Kodaline', 'beginner', NULL, NULL, NULL) ON CONFLICT (id) DO NOTHING;
INSERT INTO public.songs (id, title, author, level, key, ultimate_guitar_link, chords) VALUES ('993981d8-6bc8-45ba-9f91-2cb330090cd6', 'Bylas Serca Biciem', 'Andrzej Zaucha', 'beginner', NULL, NULL, NULL) ON CONFLICT (id) DO NOTHING;
INSERT INTO public.songs (id, title, author, level, key, ultimate_guitar_link, chords) VALUES ('476ec3a8-7b76-4216-a8e5-2efee8646786', 'Pajaczek', 'Cwiczenia', 'beginner', NULL, NULL, NULL) ON CONFLICT (id) DO NOTHING;
INSERT INTO public.songs (id, title, author, level, key, ultimate_guitar_link, chords) VALUES ('27607158-f628-4b86-a22f-d48b16161ed4', 'Enter Sandman', 'Metallica', 'beginner', NULL, NULL, NULL) ON CONFLICT (id) DO NOTHING;
INSERT INTO public.songs (id, title, author, level, key, ultimate_guitar_link, chords) VALUES ('e391071a-cd5a-4a11-902b-69a7285e4b40', 'Hurt', 'Johny Cash', 'beginner', 'Am'::public.music_key, 'https://tabs.ultimate-guitar.com/tab/johnny-cash/hurt-chords-89849', 'a ') ON CONFLICT (id) DO NOTHING;
INSERT INTO public.songs (id, title, author, level, key, ultimate_guitar_link, chords) VALUES ('615f3ce4-ddbc-407b-824f-06dd035aba68', 'Raissa', 'Strachy na Lachy', 'intermediate', 'Am'::public.music_key, 'https://tabs.ultimate-guitar.com/tab/strachy-na-lachy/raissa-chords-496625', 'a G C E') ON CONFLICT (id) DO NOTHING;
INSERT INTO public.songs (id, title, author, level, key, ultimate_guitar_link, chords) VALUES ('01a2bfb5-8940-40c1-b8ad-55f0cc8e2fcc', 'TV', 'Billie Ellish', 'intermediate', 'G'::public.music_key, 'https://tabs.ultimate-guitar.com/tab/billie-eilish/tv-chords-4224094', ' G f e C D') ON CONFLICT (id) DO NOTHING;
INSERT INTO public.songs (id, title, author, level, key, ultimate_guitar_link, chords) VALUES ('dfa87aa3-c46e-4a9f-9d6c-f2e05067f293', 'Change the Wrold', 'Eric Clapton', 'intermediate', 'E'::public.music_key, 'https://tabs.ultimate-guitar.com/tab/eric-clapton/change-the-world-chords-63570', NULL) ON CONFLICT (id) DO NOTHING;
INSERT INTO public.songs (id, title, author, level, key, ultimate_guitar_link, chords) VALUES ('3fcc840d-b984-4b3b-a55d-8888681c0eab', 'Again', 'Lenny Kravitz', 'intermediate', 'A'::public.music_key, 'https://tabs.ultimate-guitar.com/tab/lenny-kravitz/again-tabs-105799', NULL) ON CONFLICT (id) DO NOTHING;
INSERT INTO public.songs (id, title, author, level, key, ultimate_guitar_link, chords) VALUES ('73690d14-68d5-4827-846f-2ef4b1952a35', 'Dont Let Me Be Misunderstood ', 'The Animals', 'intermediate', 'Bm'::public.music_key, 'https://tabs.ultimate-guitar.com/tab/the-animals/dont-let-me-be-misunderstood-chords-18691', NULL) ON CONFLICT (id) DO NOTHING;
INSERT INTO public.songs (id, title, author, level, key, ultimate_guitar_link, chords) VALUES ('3e8a686e-f693-4431-b7f2-317118062cb8', 'Pod Katem Ostrym', 'SDM', 'beginner', NULL, NULL, NULL) ON CONFLICT (id) DO NOTHING;
INSERT INTO public.songs (id, title, author, level, key, ultimate_guitar_link, chords) VALUES ('19fad2c8-f9fa-4bf3-ac12-80bcc4a61006', 'Verbatim', 'Mother Mother', 'beginner', 'C'::public.music_key, NULL, NULL) ON CONFLICT (id) DO NOTHING;

-- Total: 111 legacy songs imported
