-- Auto-generated seed file
-- Generated at: 2025-11-25T10:35:22.792Z

-- 1. Auth Users

-- Data for auth.users
INSERT INTO auth.users (id, instance_id, aud, role, email, encrypted_password, email_confirmed_at, invited_at, confirmation_token, confirmation_sent_at, recovery_token, recovery_sent_at, email_change_token_new, email_change, email_change_sent_at, last_sign_in_at, raw_app_meta_data, raw_user_meta_data, is_super_admin, created_at, updated_at, phone, phone_confirmed_at, phone_change, phone_change_token, phone_change_sent_at, email_change_token_current, email_change_confirm_status, banned_until, reauthentication_token, reauthentication_sent_at, is_sso_user, deleted_at, is_anonymous)
VALUES
('8fb00f8b-01b5-44e6-8383-92907567995b', '00000000-0000-0000-0000-000000000000', 'authenticated', 'authenticated', 'teststudent2@example.com', '$2a$10$OZCZ8R.imEkjskWnm8JU../i2GIBB02af8YVcnhVRtlnKoS93LA5O', '2025-11-25T09:42:50.730Z', NULL, '', NULL, '', NULL, '', '', NULL, '2025-11-25T09:50:53.066Z', '{"provider":"email","providers":["email"]}', '{"notes":"Sample active student","lastName":"Student 2","firstName":"Test","isDevelopment":true,"email_verified":true}', NULL, '2025-11-25T09:42:50.725Z', '2025-11-25T09:50:53.069Z', NULL, NULL, '', '', NULL, '', 0, NULL, '', NULL, FALSE, NULL, FALSE),
('50476908-0736-44b9-9093-eb0620bc4c91', '00000000-0000-0000-0000-000000000000', 'authenticated', 'authenticated', 'teststudent3@example.com', '$2a$10$x7oG9awyOws4tuviPpk9RuVCwSLliGFPfNDOL6InKz6Yy28TcrgWG', '2025-11-25T09:42:50.858Z', NULL, '', NULL, '', NULL, '', '', NULL, '2025-11-25T09:50:53.293Z', '{"provider":"email","providers":["email"]}', '{"notes":"Sample active student","lastName":"Student 3","firstName":"Test","isDevelopment":true,"email_verified":true}', NULL, '2025-11-25T09:42:50.853Z', '2025-11-25T09:50:53.295Z', NULL, NULL, '', '', NULL, '', 0, NULL, '', NULL, FALSE, NULL, FALSE),
('1e0bebd7-4a17-43c7-a6d6-2ffeca285420', '00000000-0000-0000-0000-000000000000', 'authenticated', 'authenticated', 'student@example.com', '$2a$10$qU10uOW0CJ9fIn47PpRpHeM64mXjt8ZPe91OYfYxH1aS9sADzbUK2', '2025-11-25T09:42:50.440Z', NULL, '', NULL, '', NULL, '', '', NULL, '2025-11-25T10:03:39.663Z', '{"provider":"email","providers":["email"]}', '{"notes":"For testing student views","lastName":"Student","firstName":"Test","isDevelopment":true,"email_verified":true}', NULL, '2025-11-25T09:42:50.433Z', '2025-11-25T10:03:39.666Z', NULL, NULL, '', '', NULL, '', 0, NULL, '', NULL, FALSE, NULL, FALSE),
('80aca30c-5fec-41dd-9eab-3410227c87ab', '00000000-0000-0000-0000-000000000000', 'authenticated', 'authenticated', 'teststudent1@example.com', '$2a$10$Q/O3V2pF6K9GDMDG.TSwduCCMGkaB2R5b8G.jnLqXPVLOZ11cnkxi', '2025-11-25T09:42:50.593Z', NULL, '', NULL, '', NULL, '', '', NULL, '2025-11-25T10:03:39.786Z', '{"provider":"email","providers":["email"]}', '{"notes":"Sample active student","lastName":"Student 1","firstName":"Test","isDevelopment":true,"email_verified":true}', NULL, '2025-11-25T09:42:50.586Z', '2025-11-25T10:03:39.790Z', NULL, NULL, '', '', NULL, '', 0, NULL, '', NULL, FALSE, NULL, FALSE),
('db44f596-8ccb-4d71-837d-61de0fc791f7', '00000000-0000-0000-0000-000000000000', 'authenticated', 'authenticated', 'p.romanczuk@gmail.com', '$2a$10$vH2ouxZj6.MCbWg59WRQEu18QQlokQND3iC/Ivvf33arW2h1T6gnm', '2025-11-25T09:42:49.552Z', NULL, '', NULL, '', NULL, '', '', NULL, '2025-11-25T10:04:42.427Z', '{"provider":"email","providers":["email"]}', '{"notes":"Has full system access","lastName":"User","firstName":"Admin","isDevelopment":true,"email_verified":true}', NULL, '2025-11-25T09:42:49.545Z', '2025-11-25T10:04:42.430Z', NULL, NULL, '', '', NULL, '', 0, NULL, '', NULL, FALSE, NULL, FALSE),
('e8cfbe9a-b9ab-4530-a588-3efa26d1f849', '00000000-0000-0000-0000-000000000000', 'authenticated', 'authenticated', 'teacher@example.com', '$2a$10$5YVrYbz1zfWNwG4KEbx/NufbcM2QrZpiwe4QEkhZwH2/N5xgAtCmK', '2025-11-25T09:42:50.306Z', NULL, '', NULL, '', NULL, '', '', NULL, '2025-11-25T10:03:39.531Z', '{"provider":"email","providers":["email"]}', '{"notes":"For testing teacher functionality","lastName":"Teacher","firstName":"Test","isDevelopment":true,"email_verified":true}', NULL, '2025-11-25T09:42:50.301Z', '2025-11-25T10:03:39.534Z', NULL, NULL, '', '', NULL, '', 0, NULL, '', NULL, FALSE, NULL, FALSE)
ON CONFLICT DO NOTHING;


-- 2. Auth Identities

-- Data for auth.identities
INSERT INTO auth.identities (provider_id, user_id, identity_data, provider, last_sign_in_at, created_at, updated_at, email, id)
VALUES
('db44f596-8ccb-4d71-837d-61de0fc791f7', 'db44f596-8ccb-4d71-837d-61de0fc791f7', '{"sub":"db44f596-8ccb-4d71-837d-61de0fc791f7","email":"p.romanczuk@gmail.com","email_verified":false,"phone_verified":false}', 'email', '2025-11-25T09:42:49.549Z', '2025-11-25T09:42:49.549Z', '2025-11-25T09:42:49.549Z', 'p.romanczuk@gmail.com', 'ea449783-38f5-4a51-8826-be04e9b0da68'),
('e8cfbe9a-b9ab-4530-a588-3efa26d1f849', 'e8cfbe9a-b9ab-4530-a588-3efa26d1f849', '{"sub":"e8cfbe9a-b9ab-4530-a588-3efa26d1f849","email":"teacher@example.com","email_verified":false,"phone_verified":false}', 'email', '2025-11-25T09:42:50.304Z', '2025-11-25T09:42:50.304Z', '2025-11-25T09:42:50.304Z', 'teacher@example.com', 'de40fc03-80e2-47c4-a556-bda20f988a9d'),
('1e0bebd7-4a17-43c7-a6d6-2ffeca285420', '1e0bebd7-4a17-43c7-a6d6-2ffeca285420', '{"sub":"1e0bebd7-4a17-43c7-a6d6-2ffeca285420","email":"student@example.com","email_verified":false,"phone_verified":false}', 'email', '2025-11-25T09:42:50.437Z', '2025-11-25T09:42:50.437Z', '2025-11-25T09:42:50.437Z', 'student@example.com', 'd0b81776-1a36-49e1-b987-3d758c27f201'),
('80aca30c-5fec-41dd-9eab-3410227c87ab', '80aca30c-5fec-41dd-9eab-3410227c87ab', '{"sub":"80aca30c-5fec-41dd-9eab-3410227c87ab","email":"teststudent1@example.com","email_verified":false,"phone_verified":false}', 'email', '2025-11-25T09:42:50.590Z', '2025-11-25T09:42:50.590Z', '2025-11-25T09:42:50.590Z', 'teststudent1@example.com', '48e766b5-33f0-4822-bd79-205e633170eb'),
('8fb00f8b-01b5-44e6-8383-92907567995b', '8fb00f8b-01b5-44e6-8383-92907567995b', '{"sub":"8fb00f8b-01b5-44e6-8383-92907567995b","email":"teststudent2@example.com","email_verified":false,"phone_verified":false}', 'email', '2025-11-25T09:42:50.727Z', '2025-11-25T09:42:50.727Z', '2025-11-25T09:42:50.727Z', 'teststudent2@example.com', '842e31a7-1ca1-4c3c-a180-04df009d4965'),
('50476908-0736-44b9-9093-eb0620bc4c91', '50476908-0736-44b9-9093-eb0620bc4c91', '{"sub":"50476908-0736-44b9-9093-eb0620bc4c91","email":"teststudent3@example.com","email_verified":false,"phone_verified":false}', 'email', '2025-11-25T09:42:50.856Z', '2025-11-25T09:42:50.856Z', '2025-11-25T09:42:50.856Z', 'teststudent3@example.com', 'e8a6110c-1147-4f1e-86c8-5b34f6713909')
ON CONFLICT DO NOTHING;


-- 3. Profiles

-- Data for public.profiles
INSERT INTO public.profiles (id, email, full_name, avatar_url, notes, created_at, updated_at, is_development, is_admin, is_teacher, is_student)
VALUES
('db44f596-8ccb-4d71-837d-61de0fc791f7', 'p.romanczuk@gmail.com', 'Admin User', NULL, 'Has full system access', '2025-11-25T09:57:50.997Z', '2025-11-25T09:57:50.997Z', TRUE, TRUE, TRUE, FALSE),
('e8cfbe9a-b9ab-4530-a588-3efa26d1f849', 'teacher@example.com', 'Test Teacher', NULL, 'For testing teacher functionality', '2025-11-25T09:57:51.113Z', '2025-11-25T09:57:51.113Z', TRUE, FALSE, TRUE, FALSE),
('1e0bebd7-4a17-43c7-a6d6-2ffeca285420', 'student@example.com', 'Test Student', NULL, 'For testing student views', '2025-11-25T09:57:51.232Z', '2025-11-25T09:57:51.232Z', TRUE, FALSE, FALSE, TRUE),
('80aca30c-5fec-41dd-9eab-3410227c87ab', 'teststudent1@example.com', 'Test Student 1', NULL, 'Sample active student', '2025-11-25T09:57:51.330Z', '2025-11-25T09:57:51.330Z', TRUE, FALSE, FALSE, TRUE),
('8fb00f8b-01b5-44e6-8383-92907567995b', 'teststudent2@example.com', 'Test Student 2', NULL, 'Sample active student', '2025-11-25T09:57:51.414Z', '2025-11-25T09:57:51.414Z', TRUE, FALSE, FALSE, TRUE),
('50476908-0736-44b9-9093-eb0620bc4c91', 'teststudent3@example.com', 'Test Student 3', NULL, 'Sample active student', '2025-11-25T09:57:51.496Z', '2025-11-25T09:57:51.496Z', TRUE, FALSE, FALSE, TRUE)
ON CONFLICT DO NOTHING;


-- 4. User Roles
-- No data for public.user_roles


-- 5. Songs

-- Data for public.songs
INSERT INTO public.songs (id, title, author, level, key, ultimate_guitar_link, chords, created_at, updated_at, deleted_at, short_title)
VALUES
('a1111111-1111-1111-1111-111111111111', 'Wonderwall', 'Oasis', 'beginner', 'Em', 'https://www.ultimate-guitar.com/pro?song_id=1', 'Em7 Dsus2 A7sus4', '2025-11-25T08:44:30.196Z', '2025-11-25T08:44:30.196Z', NULL, NULL),
('a2222222-2222-2222-2222-222222222222', 'Knockin on Heaven''s Door', 'Bob Dylan', 'beginner', 'G', 'https://www.ultimate-guitar.com/pro?song_id=2', 'G D Am7 D', '2025-11-25T08:44:30.196Z', '2025-11-25T08:44:30.196Z', NULL, NULL),
('a3333333-3333-3333-3333-333333333333', 'House of the Rising Sun', 'The Animals', 'beginner', 'Am', 'https://www.ultimate-guitar.com/pro?song_id=3', 'Am C D F', '2025-11-25T08:44:30.196Z', '2025-11-25T08:44:30.196Z', NULL, NULL),
('b1111111-1111-1111-1111-111111111111', 'Stairway to Heaven', 'Led Zeppelin', 'intermediate', 'Am', 'https://www.ultimate-guitar.com/pro?song_id=4', 'Am Asus2 Dsus2', '2025-11-25T08:44:30.196Z', '2025-11-25T08:44:30.196Z', NULL, NULL),
('b2222222-2222-2222-2222-222222222222', 'Comfortably Numb', 'Pink Floyd', 'intermediate', 'B', 'https://www.ultimate-guitar.com/pro?song_id=5', 'B F# B F#', '2025-11-25T08:44:30.196Z', '2025-11-25T08:44:30.196Z', NULL, NULL),
('b3333333-3333-3333-3333-333333333333', 'Hotel California', 'Eagles', 'intermediate', 'Bm', 'https://www.ultimate-guitar.com/pro?song_id=6', 'Bm F# Bm F#', '2025-11-25T08:44:30.196Z', '2025-11-25T08:44:30.196Z', NULL, NULL),
('b4444444-4444-4444-4444-444444444444', 'Layla', 'Eric Clapton', 'intermediate', 'Dm', 'https://www.ultimate-guitar.com/pro?song_id=9', 'Dm Bb F', '2025-11-25T08:44:30.196Z', '2025-11-25T08:44:30.196Z', NULL, NULL),
('c1111111-1111-1111-1111-111111111111', 'One', 'Metallica', 'advanced', 'Em', 'https://www.ultimate-guitar.com/pro?song_id=7', 'Em F# G A', '2025-11-25T08:44:30.196Z', '2025-11-25T08:44:30.196Z', NULL, NULL),
('c2222222-2222-2222-2222-222222222222', 'Eruption', 'Van Halen', 'advanced', 'F#m', 'https://www.ultimate-guitar.com/pro?song_id=8', 'F#m', '2025-11-25T08:44:30.196Z', '2025-11-25T08:44:30.196Z', NULL, NULL),
('c3333333-3333-3333-3333-333333333333', 'All of Me', 'John Legend', 'intermediate', 'A', 'https://www.ultimate-guitar.com/pro?song_id=10', 'A Dm E', '2025-11-25T08:44:30.196Z', '2025-11-25T08:44:30.196Z', NULL, NULL),
('79b42587-984b-4fb2-81fe-dc95b956666b', 'Wonderwall', 'Oasis', 'beginner', 'Em', 'https://tabs.ultimate-guitar.com/tab/oasis/wonderwall-chords-27596', NULL, '2025-11-25T10:34:41.772Z', '2025-11-25T10:34:41.772Z', NULL, NULL),
('0d7908a9-29af-4882-ba35-37d6270e1419', 'Stairway to Heaven', 'Led Zeppelin', 'advanced', 'Am', 'https://tabs.ultimate-guitar.com/tab/led-zeppelin/stairway-to-heaven-tabs-9488', NULL, '2025-11-25T10:34:41.772Z', '2025-11-25T10:34:41.772Z', NULL, NULL),
('a4a015f8-8256-4e76-8b67-a2f12139730c', 'Hotel California', 'Eagles', 'intermediate', 'Bm', 'https://tabs.ultimate-guitar.com/tab/eagles/hotel-california-chords-46190', NULL, '2025-11-25T10:34:41.772Z', '2025-11-25T10:34:41.772Z', NULL, NULL),
('0e9613a9-9787-44d3-a838-e21082efaf2c', 'Sweet Child O Mine', 'Guns N Roses', 'intermediate', 'D', 'https://tabs.ultimate-guitar.com/tab/guns-n-roses/sweet-child-o-mine-tabs-1756', NULL, '2025-11-25T10:34:41.772Z', '2025-11-25T10:34:41.772Z', NULL, NULL),
('13049219-bf20-471d-8910-baf52085fe15', 'Nothing Else Matters', 'Metallica', 'intermediate', 'Em', 'https://tabs.ultimate-guitar.com/tab/metallica/nothing-else-matters-tabs-8519', NULL, '2025-11-25T10:34:41.772Z', '2025-11-25T10:34:41.772Z', NULL, NULL),
('1dd2b617-70dd-40be-8fa7-09201090c06d', 'Wish You Were Here', 'Pink Floyd', 'beginner', 'G', 'https://tabs.ultimate-guitar.com/tab/pink-floyd/wish-you-were-here-chords-44555', NULL, '2025-11-25T10:34:41.772Z', '2025-11-25T10:34:41.772Z', NULL, NULL),
('fb1ab1d5-4676-4096-a2c6-1e51b861e8d5', 'Blackbird', 'The Beatles', 'intermediate', 'G', 'https://tabs.ultimate-guitar.com/tab/the-beatles/blackbird-tabs-19486', NULL, '2025-11-25T10:34:41.772Z', '2025-11-25T10:34:41.772Z', NULL, NULL),
('3d731b12-2483-4ea9-a19f-950eba422ad3', 'Smells Like Teen Spirit', 'Nirvana', 'beginner', 'F', 'https://tabs.ultimate-guitar.com/tab/nirvana/smells-like-teen-spirit-tabs-202727', NULL, '2025-11-25T10:34:41.772Z', '2025-11-25T10:34:41.772Z', NULL, NULL),
('165ef961-8396-4f50-a130-add19d8b5685', 'Californication', 'Red Hot Chili Peppers', 'intermediate', 'Am', 'https://tabs.ultimate-guitar.com/tab/red-hot-chili-peppers/californication-tabs-57896', NULL, '2025-11-25T10:34:41.772Z', '2025-11-25T10:34:41.772Z', NULL, NULL),
('c3341c45-7f03-45e7-9227-31664084e1ca', 'Imagine', 'John Lennon', 'beginner', 'C', 'https://tabs.ultimate-guitar.com/tab/john-lennon/imagine-chords-9306', NULL, '2025-11-25T10:34:41.772Z', '2025-11-25T10:34:41.772Z', NULL, NULL),
('913a11eb-ac68-482b-b459-fe0c80128bee', 'Hallelujah', 'Jeff Buckley', 'intermediate', 'C', 'https://tabs.ultimate-guitar.com/tab/jeff-buckley/hallelujah-chords-198052', NULL, '2025-11-25T10:34:41.772Z', '2025-11-25T10:34:41.772Z', NULL, NULL),
('71515f32-9aad-403e-bb4e-a256ddbbca76', 'Let It Be', 'The Beatles', 'beginner', 'C', 'https://tabs.ultimate-guitar.com/tab/the-beatles/let-it-be-chords-17427', NULL, '2025-11-25T10:34:41.772Z', '2025-11-25T10:34:41.772Z', NULL, NULL)
ON CONFLICT DO NOTHING;


-- 6. Lessons

-- Data for public.lessons
INSERT INTO public.lessons (id, teacher_id, student_id, lesson_teacher_number, scheduled_at, status, notes, created_at, updated_at)
VALUES
('335380e7-24c2-4ddd-a2b3-35d6e542b240', 'db44f596-8ccb-4d71-837d-61de0fc791f7', '1e0bebd7-4a17-43c7-a6d6-2ffeca285420', 1, '2025-11-25T10:34:41.795Z', 'SCHEDULED', 'Bring your guitar!', '2025-11-25T10:34:41.813Z', '2025-11-25T10:34:41.813Z'),
('fc7fffc2-639a-4f1d-816d-50b44f4ac921', 'db44f596-8ccb-4d71-837d-61de0fc791f7', '1e0bebd7-4a17-43c7-a6d6-2ffeca285420', 2, '2025-11-24T10:34:41.795Z', 'COMPLETED', 'Practice G and C chords', '2025-11-25T10:34:41.813Z', '2025-11-25T10:34:41.813Z')
ON CONFLICT DO NOTHING;


-- 7. Lesson Songs

-- Data for public.lesson_songs
INSERT INTO public.lesson_songs (id, lesson_id, song_id, status, notes, created_at, updated_at)
VALUES
('7c7f7cc7-276f-4eff-a848-b280cbf792b4', '335380e7-24c2-4ddd-a2b3-35d6e542b240', '79b42587-984b-4fb2-81fe-dc95b956666b', 'to_learn', NULL, '2025-11-25T10:34:41.875Z', '2025-11-25T10:34:41.875Z'),
('0988bc87-3430-4009-b57b-c1e8e9798e29', 'fc7fffc2-639a-4f1d-816d-50b44f4ac921', '0d7908a9-29af-4882-ba35-37d6270e1419', 'to_learn', NULL, '2025-11-25T10:34:41.875Z', '2025-11-25T10:34:41.875Z'),
('6efe90cd-ee54-4793-9e7f-8642f87e631f', 'fc7fffc2-639a-4f1d-816d-50b44f4ac921', 'a4a015f8-8256-4e76-8b67-a2f12139730c', 'to_learn', NULL, '2025-11-25T10:34:41.875Z', '2025-11-25T10:34:41.875Z')
ON CONFLICT DO NOTHING;


-- 8. Assignments

-- Data for public.assignments
INSERT INTO public.assignments (id, title, description, status, due_date, created_at, updated_at, teacher_id, student_id, lesson_id)
VALUES
('cdf36270-9e81-4b7b-8459-04a6e39173ae', 'Practice Scales', 'Major scale up and down', 'in_progress', '2025-12-02T10:34:41.912Z', '2025-11-25T10:34:41.925Z', '2025-11-25T10:34:41.925Z', 'db44f596-8ccb-4d71-837d-61de0fc791f7', '1e0bebd7-4a17-43c7-a6d6-2ffeca285420', NULL)
ON CONFLICT DO NOTHING;

